State	'integer'	'char'	'boolean'	'string'	'type'	'='	'array'	'['	']'	'of'	'struct'	'{'	'}'	';’	':'	'function'	'('	')'	',’	'var'	'if'	'else'	'while'	'do'	'break'	'continue'	'&&'	'||'	'<'	'>'	'<='	'>='	'=='	'!='	'+'	'-'	'*'	'/'	'++'	'--'	'!'	'.'	Id	'true'	'false'	c	s	n	$	P'	P	LDE	DE	T	DT	DC	DF	LP	B	LDV	LS	DV	LI	S	U	M	E	L	R	Y	F	LE	LV	IDD	IDU	ID	TRUE	FALSE	CHR	STR	NUM	NB	MF	MC	NF	MT	ME	MW	
0	 	 	 	 	s7	 	 	 	 	 	 	 	 	 	 	s6	 	 	 	 	 	 	 	 	 	 	 	 	 	 	 	 	 	 	 	 	 	 	 	 	 	 	 	 	 	 	 	 	 	 	1	2	3	 	5	 	4	 	 	 	 	 	 	 	 	 	 	 	 	 	 	 	 	 	 	 	 	 	 	 	 	 	 	 	 	 	 	 	 
1	 	 	 	 	 	 	 	 	 	 	 	 	 	 	 	 	 	 	 	 	 	 	 	 	 	 	 	 	 	 	 	 	 	 	 	 	 	 	 	 	 	 	 	 	 	 	 	 	acc	 	 	 	 	 	 	 	 	 	 	 	 	 	 	 	 	 	 	 	 	 	 	 	 	 	 	 	 	 	 	 	 	 	 	 	 	 	 	 	 
2	 	 	 	 	s7	 	 	 	 	 	 	 	 	 	 	s6	 	 	 	 	 	 	 	 	 	 	 	 	 	 	 	 	 	 	 	 	 	 	 	 	 	 	 	 	 	 	 	 	r1	 	 	 	8	 	5	 	4	 	 	 	 	 	 	 	 	 	 	 	 	 	 	 	 	 	 	 	 	 	 	 	 	 	 	 	 	 	 	 	 
3	 	 	 	 	r3	 	 	 	 	 	 	 	 	 	 	r3	 	 	 	 	 	 	 	 	 	 	 	 	 	 	 	 	 	 	 	 	 	 	 	 	 	 	 	 	 	 	 	 	r3	 	 	 	 	 	 	 	 	 	 	 	 	 	 	 	 	 	 	 	 	 	 	 	 	 	 	 	 	 	 	 	 	 	 	 	 	 	 	 	 
4	 	 	 	 	r4	 	 	 	 	 	 	 	 	 	 	r4	 	 	 	 	 	 	 	 	 	 	 	 	 	 	 	 	 	 	 	 	 	 	 	 	 	 	 	 	 	 	 	 	r4	 	 	 	 	 	 	 	 	 	 	 	 	 	 	 	 	 	 	 	 	 	 	 	 	 	 	 	 	 	 	 	 	 	 	 	 	 	 	 	 
5	 	 	 	 	r5	 	 	 	 	 	 	 	 	 	 	r5	 	 	 	 	 	 	 	 	 	 	 	 	 	 	 	 	 	 	 	 	 	 	 	 	 	 	 	 	 	 	 	 	r5	 	 	 	 	 	 	 	 	 	 	 	 	 	 	 	 	 	 	 	 	 	 	 	 	 	 	 	 	 	 	 	 	 	 	 	 	 	 	 	 
6	 	 	 	 	 	 	 	 	 	 	 	 	 	 	 	 	 	 	 	 	 	 	 	 	 	 	 	 	 	 	 	 	 	 	 	 	 	 	 	 	 	 	s10	 	 	 	 	 	 	 	 	 	 	 	 	 	 	 	 	 	 	 	 	 	 	 	 	 	 	 	 	 	 	9	 	 	 	 	 	 	 	 	 	 	 	 	 	 	 
7	 	 	 	 	 	 	 	 	 	 	 	 	 	 	 	 	 	 	 	 	 	 	 	 	 	 	 	 	 	 	 	 	 	 	 	 	 	 	 	 	 	 	s10	 	 	 	 	 	 	 	 	 	 	 	 	 	 	 	 	 	 	 	 	 	 	 	 	 	 	 	 	 	 	11	 	 	 	 	 	 	 	 	 	 	 	 	 	 	 
8	 	 	 	 	r2	 	 	 	 	 	 	 	 	 	 	r2	 	 	 	 	 	 	 	 	 	 	 	 	 	 	 	 	 	 	 	 	 	 	 	 	 	 	 	 	 	 	 	 	r2	 	 	 	 	 	 	 	 	 	 	 	 	 	 	 	 	 	 	 	 	 	 	 	 	 	 	 	 	 	 	 	 	 	 	 	 	 	 	 	 
9	 	 	 	 	 	 	 	 	 	 	 	 	 	 	 	 	r84	 	 	 	 	 	 	 	 	 	 	 	 	 	 	 	 	 	 	 	 	 	 	 	 	 	 	 	 	 	 	 	 	 	 	 	 	 	 	 	 	 	 	 	 	 	 	 	 	 	 	 	 	 	 	 	 	 	 	 	 	 	 	 	 	 	 	 	12	 	 	 	 
10	 	 	 	 	r73	r73	 	 	 	 	 	 	 	 	r73	r73	r73	 	r73	 	 	 	 	 	 	 	 	 	 	 	 	 	 	 	 	 	 	 	 	 	 	 	 	 	 	 	 	 	r73	 	 	 	 	 	 	 	 	 	 	 	 	 	 	 	 	 	 	 	 	 	 	 	 	 	 	 	 	 	 	 	 	 	 	 	 	 	 	 	 
11	 	 	 	 	 	s13	 	 	 	 	 	 	 	 	 	 	 	 	 	 	 	 	 	 	 	 	 	 	 	 	 	 	 	 	 	 	 	 	 	 	 	 	 	 	 	 	 	 	 	 	 	 	 	 	 	 	 	 	 	 	 	 	 	 	 	 	 	 	 	 	 	 	 	 	 	 	 	 	 	 	 	 	 	 	 	 	 	 	 
12	 	 	 	 	 	 	 	 	 	 	 	 	 	 	 	 	s14	 	 	 	 	 	 	 	 	 	 	 	 	 	 	 	 	 	 	 	 	 	 	 	 	 	 	 	 	 	 	 	 	 	 	 	 	 	 	 	 	 	 	 	 	 	 	 	 	 	 	 	 	 	 	 	 	 	 	 	 	 	 	 	 	 	 	 	 	 	 	 	 
13	s18	s19	s20	s21	 	 	s15	 	 	 	s16	 	 	 	 	 	 	 	 	 	 	 	 	 	 	 	 	 	 	 	 	 	 	 	 	 	 	 	 	 	 	 	s23	 	 	 	 	 	 	 	 	 	 	17	 	 	 	 	 	 	 	 	 	 	 	 	 	 	 	 	 	 	 	 	22	 	 	 	 	 	 	 	 	 	 	 	 	 	 
14	 	 	 	 	 	 	 	 	 	 	 	 	 	 	 	 	 	 	 	 	 	 	 	 	 	 	 	 	 	 	 	 	 	 	 	 	 	 	 	 	 	 	s10	 	 	 	 	 	 	 	 	 	 	 	 	 	 	24	 	 	 	 	 	 	 	 	 	 	 	 	 	 	 	25	 	 	 	 	 	 	 	 	 	 	 	 	 	 	 
15	 	 	 	 	 	 	 	s26	 	 	 	 	 	 	 	 	 	 	 	 	 	 	 	 	 	 	 	 	 	 	 	 	 	 	 	 	 	 	 	 	 	 	 	 	 	 	 	 	 	 	 	 	 	 	 	 	 	 	 	 	 	 	 	 	 	 	 	 	 	 	 	 	 	 	 	 	 	 	 	 	 	 	 	 	 	 	 	 	 
16	 	 	 	 	 	 	 	 	 	 	 	r81	 	 	 	 	 	 	 	 	 	 	 	 	 	 	 	 	 	 	 	 	 	 	 	 	 	 	 	 	 	 	 	 	 	 	 	 	 	 	 	 	 	 	 	 	 	 	 	 	 	 	 	 	 	 	 	 	 	 	 	 	 	 	 	 	 	 	 	 	 	27	 	 	 	 	 	 	 
17	 	 	 	 	r13	 	 	 	 	 	 	 	 	 	 	r13	 	 	 	 	 	 	 	 	 	 	 	 	 	 	 	 	 	 	 	 	 	 	 	 	 	 	 	 	 	 	 	 	r13	 	 	 	 	 	 	 	 	 	 	 	 	 	 	 	 	 	 	 	 	 	 	 	 	 	 	 	 	 	 	 	 	 	 	 	 	 	 	 	 
18	 	 	 	 	r6	 	 	 	 	 	 	r6	r6	r6	 	r6	 	r6	r6	 	 	 	 	 	 	 	 	 	 	 	 	 	 	 	 	 	 	 	 	 	 	 	 	 	 	 	 	 	r6	 	 	 	 	 	 	 	 	 	 	 	 	 	 	 	 	 	 	 	 	 	 	 	 	 	 	 	 	 	 	 	 	 	 	 	 	 	 	 	 
19	 	 	 	 	r7	 	 	 	 	 	 	r7	r7	r7	 	r7	 	r7	r7	 	 	 	 	 	 	 	 	 	 	 	 	 	 	 	 	 	 	 	 	 	 	 	 	 	 	 	 	 	r7	 	 	 	 	 	 	 	 	 	 	 	 	 	 	 	 	 	 	 	 	 	 	 	 	 	 	 	 	 	 	 	 	 	 	 	 	 	 	 	 
20	 	 	 	 	r8	 	 	 	 	 	 	r8	r8	r8	 	r8	 	r8	r8	 	 	 	 	 	 	 	 	 	 	 	 	 	 	 	 	 	 	 	 	 	 	 	 	 	 	 	 	 	r8	 	 	 	 	 	 	 	 	 	 	 	 	 	 	 	 	 	 	 	 	 	 	 	 	 	 	 	 	 	 	 	 	 	 	 	 	 	 	 	 
21	 	 	 	 	r9	 	 	 	 	 	 	r9	r9	r9	 	r9	 	r9	r9	 	 	 	 	 	 	 	 	 	 	 	 	 	 	 	 	 	 	 	 	 	 	 	 	 	 	 	 	 	r9	 	 	 	 	 	 	 	 	 	 	 	 	 	 	 	 	 	 	 	 	 	 	 	 	 	 	 	 	 	 	 	 	 	 	 	 	 	 	 	 
22	 	 	 	 	r10	 	 	 	 	 	 	r10	r10	r10	 	r10	 	r10	r10	 	 	 	 	 	 	 	 	 	 	 	 	 	 	 	 	 	 	 	 	 	 	 	 	 	 	 	 	 	r10	 	 	 	 	 	 	 	 	 	 	 	 	 	 	 	 	 	 	 	 	 	 	 	 	 	 	 	 	 	 	 	 	 	 	 	 	 	 	 	 
23	 	 	 	 	r74	r74	 	r74	r74	 	 	r74	r74	r74	 	r74	r74	r74	r74	 	 	 	 	 	 	 	r74	r74	r74	r74	r74	r74	r74	r74	r74	r74	r74	r74	r74	r74	 	r74	 	 	 	 	 	 	r74	 	 	 	 	 	 	 	 	 	 	 	 	 	 	 	 	 	 	 	 	 	 	 	 	 	 	 	 	 	 	 	 	 	 	 	 	 	 	 	 
24	 	 	 	 	 	 	 	 	 	 	 	 	 	 	 	 	 	s28	s29	 	 	 	 	 	 	 	 	 	 	 	 	 	 	 	 	 	 	 	 	 	 	 	 	 	 	 	 	 	 	 	 	 	 	 	 	 	 	 	 	 	 	 	 	 	 	 	 	 	 	 	 	 	 	 	 	 	 	 	 	 	 	 	 	 	 	 	 	 	 
25	 	 	 	 	 	 	 	 	 	 	 	 	 	 	s30	 	 	 	 	 	 	 	 	 	 	 	 	 	 	 	 	 	 	 	 	 	 	 	 	 	 	 	 	 	 	 	 	 	 	 	 	 	 	 	 	 	 	 	 	 	 	 	 	 	 	 	 	 	 	 	 	 	 	 	 	 	 	 	 	 	 	 	 	 	 	 	 	 	 
26	 	 	 	 	 	 	 	 	 	 	 	 	 	 	 	 	 	 	 	 	 	 	 	 	 	 	 	 	 	 	 	 	 	 	 	 	 	 	 	 	 	 	 	 	 	 	 	s32	 	 	 	 	 	 	 	 	 	 	 	 	 	 	 	 	 	 	 	 	 	 	 	 	 	 	 	 	 	 	 	 	31	 	 	 	 	 	 	 	 
27	 	 	 	 	 	 	 	 	 	 	 	s33	 	 	 	 	 	 	 	 	 	 	 	 	 	 	 	 	 	 	 	 	 	 	 	 	 	 	 	 	 	 	 	 	 	 	 	 	 	 	 	 	 	 	 	 	 	 	 	 	 	 	 	 	 	 	 	 	 	 	 	 	 	 	 	 	 	 	 	 	 	 	 	 	 	 	 	 	 
28	 	 	 	 	 	 	 	 	 	 	 	 	 	 	s34	 	 	 	 	 	 	 	 	 	 	 	 	 	 	 	 	 	 	 	 	 	 	 	 	 	 	 	 	 	 	 	 	 	 	 	 	 	 	 	 	 	 	 	 	 	 	 	 	 	 	 	 	 	 	 	 	 	 	 	 	 	 	 	 	 	 	 	 	 	 	 	 	 	 
29	 	 	 	 	 	 	 	 	 	 	 	 	 	 	 	 	 	 	 	 	 	 	 	 	 	 	 	 	 	 	 	 	 	 	 	 	 	 	 	 	 	 	s10	 	 	 	 	 	 	 	 	 	 	 	 	 	 	 	 	 	 	 	 	 	 	 	 	 	 	 	 	 	 	35	 	 	 	 	 	 	 	 	 	 	 	 	 	 	 
30	s18	s19	s20	s21	 	 	 	 	 	 	 	 	 	 	 	 	 	 	 	 	 	 	 	 	 	 	 	 	 	 	 	 	 	 	 	 	 	 	 	 	 	 	s23	 	 	 	 	 	 	 	 	 	 	36	 	 	 	 	 	 	 	 	 	 	 	 	 	 	 	 	 	 	 	 	22	 	 	 	 	 	 	 	 	 	 	 	 	 	 
31	 	 	 	 	 	 	 	 	s37	 	 	 	 	 	 	 	 	 	 	 	 	 	 	 	 	 	 	 	 	 	 	 	 	 	 	 	 	 	 	 	 	 	 	 	 	 	 	 	 	 	 	 	 	 	 	 	 	 	 	 	 	 	 	 	 	 	 	 	 	 	 	 	 	 	 	 	 	 	 	 	 	 	 	 	 	 	 	 	 
32	 	 	 	 	 	 	 	 	r80	 	 	 	 	r80	 	 	 	r80	r80	 	 	 	 	 	 	 	r80	r80	r80	r80	r80	r80	r80	r80	r80	r80	r80	r80	 	 	 	 	 	 	 	 	 	 	 	 	 	 	 	 	 	 	 	 	 	 	 	 	 	 	 	 	 	 	 	 	 	 	 	 	 	 	 	 	 	 	 	 	 	 	 	 	 	 	 
33	 	 	 	 	 	 	 	 	 	 	 	 	 	 	 	 	 	 	 	 	 	 	 	 	 	 	 	 	 	 	 	 	 	 	 	 	 	 	 	 	 	 	s10	 	 	 	 	 	 	 	 	 	 	 	 	38	 	 	 	 	 	 	39	 	 	 	 	 	 	 	 	 	 	40	 	 	 	 	 	 	 	 	 	 	 	 	 	 	 
34	s18	s19	s20	s21	 	 	 	 	 	 	 	 	 	 	 	 	 	 	 	 	 	 	 	 	 	 	 	 	 	 	 	 	 	 	 	 	 	 	 	 	 	 	s23	 	 	 	 	 	 	 	 	 	 	41	 	 	 	 	 	 	 	 	 	 	 	 	 	 	 	 	 	 	 	 	22	 	 	 	 	 	 	 	 	 	 	 	 	 	 
35	 	 	 	 	 	 	 	 	 	 	 	 	 	 	s42	 	 	 	 	 	 	 	 	 	 	 	 	 	 	 	 	 	 	 	 	 	 	 	 	 	 	 	 	 	 	 	 	 	 	 	 	 	 	 	 	 	 	 	 	 	 	 	 	 	 	 	 	 	 	 	 	 	 	 	 	 	 	 	 	 	 	 	 	 	 	 	 	 	 
36	 	 	 	 	 	 	 	 	 	 	 	 	 	 	 	 	 	r18	r18	 	 	 	 	 	 	 	 	 	 	 	 	 	 	 	 	 	 	 	 	 	 	 	 	 	 	 	 	 	 	 	 	 	 	 	 	 	 	 	 	 	 	 	 	 	 	 	 	 	 	 	 	 	 	 	 	 	 	 	 	 	 	 	 	 	 	 	 	 	 
37	 	 	 	 	 	 	 	 	 	s43	 	 	 	 	 	 	 	 	 	 	 	 	 	 	 	 	 	 	 	 	 	 	 	 	 	 	 	 	 	 	 	 	 	 	 	 	 	 	 	 	 	 	 	 	 	 	 	 	 	 	 	 	 	 	 	 	 	 	 	 	 	 	 	 	 	 	 	 	 	 	 	 	 	 	 	 	 	 	 
38	 	 	 	 	 	 	 	 	 	 	 	 	s44	s45	 	 	 	 	 	 	 	 	 	 	 	 	 	 	 	 	 	 	 	 	 	 	 	 	 	 	 	 	 	 	 	 	 	 	 	 	 	 	 	 	 	 	 	 	 	 	 	 	 	 	 	 	 	 	 	 	 	 	 	 	 	 	 	 	 	 	 	 	 	 	 	 	 	 	 
39	 	 	 	 	 	 	 	 	 	 	 	 	 	 	s46	 	 	 	s47	 	 	 	 	 	 	 	 	 	 	 	 	 	 	 	 	 	 	 	 	 	 	 	 	 	 	 	 	 	 	 	 	 	 	 	 	 	 	 	 	 	 	 	 	 	 	 	 	 	 	 	 	 	 	 	 	 	 	 	 	 	 	 	 	 	 	 	 	 	 
40	 	 	 	 	 	 	 	 	 	 	 	 	 	 	r26	 	 	 	r26	 	 	 	 	 	 	 	 	 	 	 	 	 	 	 	 	 	 	 	 	 	 	 	 	 	 	 	 	 	 	 	 	 	 	 	 	 	 	 	 	 	 	 	 	 	 	 	 	 	 	 	 	 	 	 	 	 	 	 	 	 	 	 	 	 	 	 	 	 	 
41	 	 	 	 	 	 	 	 	 	 	 	r82	 	 	 	 	 	 	 	 	 	 	 	 	 	 	 	 	 	 	 	 	 	 	 	 	 	 	 	 	 	 	 	 	 	 	 	 	 	 	 	 	 	 	 	 	 	 	 	 	 	 	 	 	 	 	 	 	 	 	 	 	 	 	 	 	 	 	 	 	 	 	48	 	 	 	 	 	 
42	s18	s19	s20	s21	 	 	 	 	 	 	 	 	 	 	 	 	 	 	 	 	 	 	 	 	 	 	 	 	 	 	 	 	 	 	 	 	 	 	 	 	 	 	s23	 	 	 	 	 	 	 	 	 	 	49	 	 	 	 	 	 	 	 	 	 	 	 	 	 	 	 	 	 	 	 	22	 	 	 	 	 	 	 	 	 	 	 	 	 	 
43	s18	s19	s20	s21	 	 	 	 	 	 	 	 	 	 	 	 	 	 	 	 	 	 	 	 	 	 	 	 	 	 	 	 	 	 	 	 	 	 	 	 	 	 	s23	 	 	 	 	 	 	 	 	 	 	50	 	 	 	 	 	 	 	 	 	 	 	 	 	 	 	 	 	 	 	 	22	 	 	 	 	 	 	 	 	 	 	 	 	 	 
44	 	 	 	 	r12	 	 	 	 	 	 	 	 	 	 	r12	 	 	 	 	 	 	 	 	 	 	 	 	 	 	 	 	 	 	 	 	 	 	 	 	 	 	 	 	 	 	 	 	r12	 	 	 	 	 	 	 	 	 	 	 	 	 	 	 	 	 	 	 	 	 	 	 	 	 	 	 	 	 	 	 	 	 	 	 	 	 	 	 	 
45	 	 	 	 	 	 	 	 	 	 	 	 	 	 	 	 	 	 	 	 	 	 	 	 	 	 	 	 	 	 	 	 	 	 	 	 	 	 	 	 	 	 	s10	 	 	 	 	 	 	 	 	 	 	 	 	 	 	 	 	 	 	 	51	 	 	 	 	 	 	 	 	 	 	40	 	 	 	 	 	 	 	 	 	 	 	 	 	 	 
46	s18	s19	s20	s21	 	 	 	 	 	 	 	 	 	 	 	 	 	 	 	 	 	 	 	 	 	 	 	 	 	 	 	 	 	 	 	 	 	 	 	 	 	 	s23	 	 	 	 	 	 	 	 	 	 	52	 	 	 	 	 	 	 	 	 	 	 	 	 	 	 	 	 	 	 	 	22	 	 	 	 	 	 	 	 	 	 	 	 	 	 
47	 	 	 	 	 	 	 	 	 	 	 	 	 	 	 	 	 	 	 	 	 	 	 	 	 	 	 	 	 	 	 	 	 	 	 	 	 	 	 	 	 	 	s10	 	 	 	 	 	 	 	 	 	 	 	 	 	 	 	 	 	 	 	 	 	 	 	 	 	 	 	 	 	 	53	 	 	 	 	 	 	 	 	 	 	 	 	 	 	 
48	 	 	 	 	 	 	 	 	 	 	 	s55	 	 	 	 	 	 	 	 	 	 	 	 	 	 	 	 	 	 	 	 	 	 	 	 	 	 	 	 	 	 	 	 	 	 	 	 	 	 	 	 	 	 	 	 	 	 	54	 	 	 	 	 	 	 	 	 	 	 	 	 	 	 	 	 	 	 	 	 	 	 	 	 	 	 	 	 	 
49	 	 	 	 	 	 	 	 	 	 	 	 	 	 	 	 	 	r17	r17	 	 	 	 	 	 	 	 	 	 	 	 	 	 	 	 	 	 	 	 	 	 	 	 	 	 	 	 	 	 	 	 	 	 	 	 	 	 	 	 	 	 	 	 	 	 	 	 	 	 	 	 	 	 	 	 	 	 	 	 	 	 	 	 	 	 	 	 	 	 
50	 	 	 	 	r11	 	 	 	 	 	 	 	 	 	 	r11	 	 	 	 	 	 	 	 	 	 	 	 	 	 	 	 	 	 	 	 	 	 	 	 	 	 	 	 	 	 	 	 	r11	 	 	 	 	 	 	 	 	 	 	 	 	 	 	 	 	 	 	 	 	 	 	 	 	 	 	 	 	 	 	 	 	 	 	 	 	 	 	 	 
51	 	 	 	 	 	 	 	 	 	 	 	 	 	 	s56	 	 	 	s47	 	 	 	 	 	 	 	 	 	 	 	 	 	 	 	 	 	 	 	 	 	 	 	 	 	 	 	 	 	 	 	 	 	 	 	 	 	 	 	 	 	 	 	 	 	 	 	 	 	 	 	 	 	 	 	 	 	 	 	 	 	 	 	 	 	 	 	 	 	 
52	 	 	 	 	 	 	 	 	 	 	 	 	r15	r15	 	 	 	 	 	 	 	 	 	 	 	 	 	 	 	 	 	 	 	 	 	 	 	 	 	 	 	 	 	 	 	 	 	 	 	 	 	 	 	 	 	 	 	 	 	 	 	 	 	 	 	 	 	 	 	 	 	 	 	 	 	 	 	 	 	 	 	 	 	 	 	 	 	 	 
53	 	 	 	 	 	 	 	 	 	 	 	 	 	 	r25	 	 	 	r25	 	 	 	 	 	 	 	 	 	 	 	 	 	 	 	 	 	 	 	 	 	 	 	 	 	 	 	 	 	 	 	 	 	 	 	 	 	 	 	 	 	 	 	 	 	 	 	 	 	 	 	 	 	 	 	 	 	 	 	 	 	 	 	 	 	 	 	 	 	 
54	 	 	 	 	r16	 	 	 	 	 	 	 	 	 	 	r16	 	 	 	 	 	 	 	 	 	 	 	 	 	 	 	 	 	 	 	 	 	 	 	 	 	 	 	 	 	 	 	 	r16	 	 	 	 	 	 	 	 	 	 	 	 	 	 	 	 	 	 	 	 	 	 	 	 	 	 	 	 	 	 	 	 	 	 	 	 	 	 	 	 
55	 	 	 	 	 	 	 	 	 	 	 	 	 	 	 	 	 	 	 	s59	 	 	 	 	 	 	 	 	 	 	 	 	 	 	 	 	 	 	 	 	 	 	 	 	 	 	 	 	 	 	 	 	 	 	 	 	 	 	 	57	 	58	 	 	 	 	 	 	 	 	 	 	 	 	 	 	 	 	 	 	 	 	 	 	 	 	 	 	 
56	s18	s19	s20	s21	 	 	 	 	 	 	 	 	 	 	 	 	 	 	 	 	 	 	 	 	 	 	 	 	 	 	 	 	 	 	 	 	 	 	 	 	 	 	s23	 	 	 	 	 	 	 	 	 	 	60	 	 	 	 	 	 	 	 	 	 	 	 	 	 	 	 	 	 	 	 	22	 	 	 	 	 	 	 	 	 	 	 	 	 	 
57	 	 	 	 	 	 	 	 	 	 	 	r81	 	 	 	 	 	 	 	s59	s66	 	s67	s68	s71	s72	 	 	 	 	 	 	 	 	 	 	 	 	 	 	 	 	s23	 	 	 	 	 	 	 	 	 	 	 	 	 	 	 	 	 	61	62	 	63	65	64	 	 	 	 	 	 	70	 	73	 	 	 	 	 	 	69	 	 	 	 	 	 	 
58	 	 	 	 	r21	 	 	 	 	 	 	r21	r21	 	 	r21	 	 	 	r21	r21	r21	r21	r21	r21	r21	 	 	 	 	 	 	 	 	 	 	 	 	 	 	 	 	r21	 	 	 	 	 	r21	 	 	 	 	 	 	 	 	 	 	 	 	 	 	 	 	 	 	 	 	 	 	 	 	 	 	 	 	 	 	 	 	 	 	 	 	 	 	 	 
59	 	 	 	 	 	 	 	 	 	 	 	 	 	 	 	 	 	 	 	 	 	 	 	 	 	 	 	 	 	 	 	 	 	 	 	 	 	 	 	 	 	 	s10	 	 	 	 	 	 	 	 	 	 	 	 	 	 	 	 	 	 	 	74	 	 	 	 	 	 	 	 	 	 	40	 	 	 	 	 	 	 	 	 	 	 	 	 	 	 
60	 	 	 	 	 	 	 	 	 	 	 	 	r14	r14	 	 	 	 	 	 	 	 	 	 	 	 	 	 	 	 	 	 	 	 	 	 	 	 	 	 	 	 	 	 	 	 	 	 	 	 	 	 	 	 	 	 	 	 	 	 	 	 	 	 	 	 	 	 	 	 	 	 	 	 	 	 	 	 	 	 	 	 	 	 	 	 	 	 	 
61	 	 	 	 	 	 	 	 	 	 	 	r81	s75	 	 	 	 	 	 	 	s66	 	s67	s68	s71	s72	 	 	 	 	 	 	 	 	 	 	 	 	 	 	 	 	s23	 	 	 	 	 	 	 	 	 	 	 	 	 	 	 	 	 	 	 	 	76	65	64	 	 	 	 	 	 	70	 	73	 	 	 	 	 	 	69	 	 	 	 	 	 	 
62	 	 	 	 	r20	 	 	 	 	 	 	r20	r20	 	 	r20	 	 	 	r20	r20	r20	r20	r20	r20	r20	 	 	 	 	 	 	 	 	 	 	 	 	 	 	 	 	r20	 	 	 	 	 	r20	 	 	 	 	 	 	 	 	 	 	 	 	 	 	 	 	 	 	 	 	 	 	 	 	 	 	 	 	 	 	 	 	 	 	 	 	 	 	 	 
63	 	 	 	 	 	 	 	 	 	 	 	r23	r23	 	 	 	 	 	 	 	r23	 	r23	r23	r23	r23	 	 	 	 	 	 	 	 	 	 	 	 	 	 	 	 	r23	 	 	 	 	 	 	 	 	 	 	 	 	 	 	 	 	 	 	 	 	 	 	 	 	 	 	 	 	 	 	 	 	 	 	 	 	 	 	 	 	 	 	 	 	 	 
64	 	 	 	 	 	 	 	 	 	 	 	r27	r27	 	 	 	 	 	 	 	r27	 	r27	r27	r27	r27	 	 	 	 	 	 	 	 	 	 	 	 	 	 	 	 	r27	 	 	 	 	 	 	 	 	 	 	 	 	 	 	 	 	 	 	 	 	 	 	 	 	 	 	 	 	 	 	 	 	 	 	 	 	 	 	 	 	 	 	 	 	 	 
65	 	 	 	 	 	 	 	 	 	 	 	r28	r28	 	 	 	 	 	 	 	r28	 	r28	r28	r28	r28	 	 	 	 	 	 	 	 	 	 	 	 	 	 	 	 	r28	 	 	 	 	 	 	 	 	 	 	 	 	 	 	 	 	 	 	 	 	 	 	 	 	 	 	 	 	 	 	 	 	 	 	 	 	 	 	 	 	 	 	 	 	 	 
66	 	 	 	 	 	 	 	 	 	 	 	 	 	 	 	 	s77	 	 	 	 	 	 	 	 	 	 	 	 	 	 	 	 	 	 	 	 	 	 	 	 	 	 	 	 	 	 	 	 	 	 	 	 	 	 	 	 	 	 	 	 	 	 	 	 	 	 	 	 	 	 	 	 	 	 	 	 	 	 	 	 	 	 	 	 	 	 	 	 
67	 	 	 	 	 	 	 	 	 	 	 	r87	r87	 	 	 	r87	 	 	 	r87	r87	r87	r87	r87	r87	 	 	 	 	 	 	 	 	 	 	 	 	 	 	 	 	r87	 	 	 	 	 	 	 	 	 	 	 	 	 	 	 	 	 	 	 	 	 	 	 	 	 	 	 	 	 	 	 	 	 	 	 	 	 	 	 	 	 	 	 	 	78	
68	 	 	 	 	 	 	 	 	 	 	 	r87	r87	 	 	 	r87	 	 	 	r87	r87	r87	r87	r87	r87	 	 	 	 	 	 	 	 	 	 	 	 	 	 	 	 	r87	 	 	 	 	 	 	 	 	 	 	 	 	 	 	 	 	 	 	 	 	 	 	 	 	 	 	 	 	 	 	 	 	 	 	 	 	 	 	 	 	 	 	 	 	79	
69	 	 	 	 	 	 	 	 	 	 	 	s55	 	 	 	 	 	 	 	 	 	 	 	 	 	 	 	 	 	 	 	 	 	 	 	 	 	 	 	 	 	 	 	 	 	 	 	 	 	 	 	 	 	 	 	 	 	 	80	 	 	 	 	 	 	 	 	 	 	 	 	 	 	 	 	 	 	 	 	 	 	 	 	 	 	 	 	 	 
70	 	 	 	 	 	s81	 	s83	 	 	 	 	 	 	 	 	 	 	 	 	 	 	 	 	 	 	 	 	 	 	 	 	 	 	 	 	 	 	 	 	 	s82	 	 	 	 	 	 	 	 	 	 	 	 	 	 	 	 	 	 	 	 	 	 	 	 	 	 	 	 	 	 	 	 	 	 	 	 	 	 	 	 	 	 	 	 	 	 	 
71	 	 	 	 	 	 	 	 	 	 	 	 	 	s84	 	 	 	 	 	 	 	 	 	 	 	 	 	 	 	 	 	 	 	 	 	 	 	 	 	 	 	 	 	 	 	 	 	 	 	 	 	 	 	 	 	 	 	 	 	 	 	 	 	 	 	 	 	 	 	 	 	 	 	 	 	 	 	 	 	 	 	 	 	 	 	 	 	 	 
72	 	 	 	 	 	 	 	 	 	 	 	 	 	s85	 	 	 	 	 	 	 	 	 	 	 	 	 	 	 	 	 	 	 	 	 	 	 	 	 	 	 	 	 	 	 	 	 	 	 	 	 	 	 	 	 	 	 	 	 	 	 	 	 	 	 	 	 	 	 	 	 	 	 	 	 	 	 	 	 	 	 	 	 	 	 	 	 	 	 
73	 	 	 	 	 	r72	 	r72	r72	 	 	 	 	r72	 	 	 	r72	r72	 	 	 	 	 	 	 	r72	r72	r72	r72	r72	r72	r72	r72	r72	r72	r72	r72	r72	r72	 	r72	 	 	 	 	 	 	 	 	 	 	 	 	 	 	 	 	 	 	 	 	 	 	 	 	 	 	 	 	 	 	 	 	 	 	 	 	 	 	 	 	 	 	 	 	 	 	 
74	 	 	 	 	 	 	 	 	 	 	 	 	 	 	s86	 	 	 	s47	 	 	 	 	 	 	 	 	 	 	 	 	 	 	 	 	 	 	 	 	 	 	 	 	 	 	 	 	 	 	 	 	 	 	 	 	 	 	 	 	 	 	 	 	 	 	 	 	 	 	 	 	 	 	 	 	 	 	 	 	 	 	 	 	 	 	 	 	 	 
75	 	 	 	 	r19	 	 	 	 	 	 	r19	r19	 	 	r19	 	 	 	 	r19	r19	r19	r19	r19	r19	 	 	 	 	 	 	 	 	 	 	 	 	 	 	 	 	r19	 	 	 	 	 	r19	 	 	 	 	 	 	 	 	 	 	 	 	 	 	 	 	 	 	 	 	 	 	 	 	 	 	 	 	 	 	 	 	 	 	 	 	 	 	 	 
76	 	 	 	 	 	 	 	 	 	 	 	r22	r22	 	 	 	 	 	 	 	r22	 	r22	r22	r22	r22	 	 	 	 	 	 	 	 	 	 	 	 	 	 	 	 	r22	 	 	 	 	 	 	 	 	 	 	 	 	 	 	 	 	 	 	 	 	 	 	 	 	 	 	 	 	 	 	 	 	 	 	 	 	 	 	 	 	 	 	 	 	 	 
77	 	 	 	 	 	 	 	 	 	 	 	 	 	 	 	 	s95	 	 	 	 	 	 	 	 	 	 	 	 	 	 	 	 	 	 	s97	 	 	s93	s94	s98	 	s23	s104	s105	s106	s107	s32	 	 	 	 	 	 	 	 	 	 	 	 	 	 	 	 	 	 	87	88	89	90	91	 	92	 	96	 	99	100	101	102	103	 	 	 	 	 	 	 	 
78	 	 	 	 	 	 	 	 	 	 	 	 	 	 	 	 	s108	 	 	 	 	 	 	 	 	 	 	 	 	 	 	 	 	 	 	 	 	 	 	 	 	 	 	 	 	 	 	 	 	 	 	 	 	 	 	 	 	 	 	 	 	 	 	 	 	 	 	 	 	 	 	 	 	 	 	 	 	 	 	 	 	 	 	 	 	 	 	 	 
79	 	 	 	 	 	 	 	 	 	 	 	r81	 	 	 	 	 	 	 	 	s110	 	s67	s68	s71	s72	 	 	 	 	 	 	 	 	 	 	 	 	 	 	 	 	s23	 	 	 	 	 	 	 	 	 	 	 	 	 	 	 	 	 	 	 	 	 	 	109	 	 	 	 	 	 	70	 	73	 	 	 	 	 	 	69	 	 	 	 	 	 	 
80	 	 	 	 	 	 	 	 	 	 	 	r34	r34	 	 	 	 	 	 	 	r34	r34	r34	r34	r34	r34	 	 	 	 	 	 	 	 	 	 	 	 	 	 	 	 	r34	 	 	 	 	 	 	 	 	 	 	 	 	 	 	 	 	 	 	 	 	 	 	 	 	 	 	 	 	 	 	 	 	 	 	 	 	 	 	 	 	 	 	 	 	 	 
81	 	 	 	 	 	 	 	 	 	 	 	 	 	 	 	 	s95	 	 	 	 	 	 	 	 	 	 	 	 	 	 	 	 	 	 	s97	 	 	s93	s94	s98	 	s23	s104	s105	s106	s107	s32	 	 	 	 	 	 	 	 	 	 	 	 	 	 	 	 	 	 	111	88	89	90	91	 	92	 	96	 	99	100	101	102	103	 	 	 	 	 	 	 	 
82	 	 	 	 	 	 	 	 	 	 	 	 	 	 	 	 	 	 	 	 	 	 	 	 	 	 	 	 	 	 	 	 	 	 	 	 	 	 	 	 	 	 	s23	 	 	 	 	 	 	 	 	 	 	 	 	 	 	 	 	 	 	 	 	 	 	 	 	 	 	 	 	 	 	 	112	 	 	 	 	 	 	 	 	 	 	 	 	 	 
83	 	 	 	 	 	 	 	 	 	 	 	 	 	 	 	 	s95	 	 	 	 	 	 	 	 	 	 	 	 	 	 	 	 	 	 	s97	 	 	s93	s94	s98	 	s23	s104	s105	s106	s107	s32	 	 	 	 	 	 	 	 	 	 	 	 	 	 	 	 	 	 	113	88	89	90	91	 	92	 	96	 	99	100	101	102	103	 	 	 	 	 	 	 	 
84	 	 	 	 	 	 	 	 	 	 	 	r36	r36	 	 	 	 	 	 	 	r36	r36	r36	r36	r36	r36	 	 	 	 	 	 	 	 	 	 	 	 	 	 	 	 	r36	 	 	 	 	 	 	 	 	 	 	 	 	 	 	 	 	 	 	 	 	 	 	 	 	 	 	 	 	 	 	 	 	 	 	 	 	 	 	 	 	 	 	 	 	 	 
85	 	 	 	 	 	 	 	 	 	 	 	r37	r37	 	 	 	 	 	 	 	r37	r37	r37	r37	r37	r37	 	 	 	 	 	 	 	 	 	 	 	 	 	 	 	 	r37	 	 	 	 	 	 	 	 	 	 	 	 	 	 	 	 	 	 	 	 	 	 	 	 	 	 	 	 	 	 	 	 	 	 	 	 	 	 	 	 	 	 	 	 	 	 
86	s18	s19	s20	s21	 	 	 	 	 	 	 	 	 	 	 	 	 	 	 	 	 	 	 	 	 	 	 	 	 	 	 	 	 	 	 	 	 	 	 	 	 	 	s23	 	 	 	 	 	 	 	 	 	 	114	 	 	 	 	 	 	 	 	 	 	 	 	 	 	 	 	 	 	 	 	22	 	 	 	 	 	 	 	 	 	 	 	 	 	 
87	 	 	 	 	 	 	 	 	 	 	 	 	 	 	 	 	 	s115	 	 	 	 	 	 	 	 	s116	s117	 	 	 	 	 	 	 	 	 	 	 	 	 	 	 	 	 	 	 	 	 	 	 	 	 	 	 	 	 	 	 	 	 	 	 	 	 	 	 	 	 	 	 	 	 	 	 	 	 	 	 	 	 	 	 	 	 	 	 	 	 
88	 	 	 	 	 	 	 	 	r40	 	 	 	 	r40	 	 	 	r40	r40	 	 	 	 	 	 	 	r40	r40	s118	s119	s120	s121	s122	s123	 	 	 	 	 	 	 	 	 	 	 	 	 	 	 	 	 	 	 	 	 	 	 	 	 	 	 	 	 	 	 	 	 	 	 	 	 	 	 	 	 	 	 	 	 	 	 	 	 	 	 	 	 	 	 
89	 	 	 	 	 	 	 	 	r47	 	 	 	 	r47	 	 	 	r47	r47	 	 	 	 	 	 	 	r47	r47	r47	r47	r47	r47	r47	r47	s124	s125	 	 	 	 	 	 	 	 	 	 	 	 	 	 	 	 	 	 	 	 	 	 	 	 	 	 	 	 	 	 	 	 	 	 	 	 	 	 	 	 	 	 	 	 	 	 	 	 	 	 	 	 	 
90	 	 	 	 	 	 	 	 	r50	 	 	 	 	r50	 	 	 	r50	r50	 	 	 	 	 	 	 	r50	r50	r50	r50	r50	r50	r50	r50	r50	r50	s126	s127	 	 	 	 	 	 	 	 	 	 	 	 	 	 	 	 	 	 	 	 	 	 	 	 	 	 	 	 	 	 	 	 	 	 	 	 	 	 	 	 	 	 	 	 	 	 	 	 	 	 	 
91	 	 	 	 	 	 	 	 	r53	 	 	 	 	r53	 	 	 	r53	r53	 	 	 	 	 	 	 	r53	r53	r53	r53	r53	r53	r53	r53	r53	r53	r53	r53	 	 	 	 	 	 	 	 	 	 	 	 	 	 	 	 	 	 	 	 	 	 	 	 	 	 	 	 	 	 	 	 	 	 	 	 	 	 	 	 	 	 	 	 	 	 	 	 	 	 	 
92	 	 	 	 	 	 	 	s83	r54	 	 	 	 	r54	 	 	 	r54	r54	 	 	 	 	 	 	 	r54	r54	r54	r54	r54	r54	r54	r54	r54	r54	r54	r54	s128	s129	 	s82	 	 	 	 	 	 	 	 	 	 	 	 	 	 	 	 	 	 	 	 	 	 	 	 	 	 	 	 	 	 	 	 	 	 	 	 	 	 	 	 	 	 	 	 	 	 	 
93	 	 	 	 	 	 	 	 	 	 	 	 	 	 	 	 	 	 	 	 	 	 	 	 	 	 	 	 	 	 	 	 	 	 	 	 	 	 	 	 	 	 	s23	 	 	 	 	 	 	 	 	 	 	 	 	 	 	 	 	 	 	 	 	 	 	 	 	 	 	 	 	 	130	 	73	 	 	 	 	 	 	 	 	 	 	 	 	 	 
94	 	 	 	 	 	 	 	 	 	 	 	 	 	 	 	 	 	 	 	 	 	 	 	 	 	 	 	 	 	 	 	 	 	 	 	 	 	 	 	 	 	 	s23	 	 	 	 	 	 	 	 	 	 	 	 	 	 	 	 	 	 	 	 	 	 	 	 	 	 	 	 	 	131	 	73	 	 	 	 	 	 	 	 	 	 	 	 	 	 
95	 	 	 	 	 	 	 	 	 	 	 	 	 	 	 	 	s95	 	 	 	 	 	 	 	 	 	 	 	 	 	 	 	 	 	 	s97	 	 	s93	s94	s98	 	s23	s104	s105	s106	s107	s32	 	 	 	 	 	 	 	 	 	 	 	 	 	 	 	 	 	 	132	88	89	90	91	 	92	 	96	 	99	100	101	102	103	 	 	 	 	 	 	 	 
96	 	 	 	 	 	r72	 	r72	r72	 	 	 	 	r72	 	 	r83	r72	r72	 	 	 	 	 	 	 	r72	r72	r72	r72	r72	r72	r72	r72	r72	r72	r72	r72	r72	r72	 	r72	 	 	 	 	 	 	 	 	 	 	 	 	 	 	 	 	 	 	 	 	 	 	 	 	 	 	 	 	 	 	 	 	 	 	 	 	 	 	 	 	 	133	 	 	 	 	 
97	 	 	 	 	 	 	 	 	 	 	 	 	 	 	 	 	s95	 	 	 	 	 	 	 	 	 	 	 	 	 	 	 	 	 	 	s97	 	 	s93	s94	s98	 	s23	s104	s105	s106	s107	s32	 	 	 	 	 	 	 	 	 	 	 	 	 	 	 	 	 	 	 	 	 	 	134	 	92	 	96	 	99	100	101	102	103	 	 	 	 	 	 	 	 
98	 	 	 	 	 	 	 	 	 	 	 	 	 	 	 	 	s95	 	 	 	 	 	 	 	 	 	 	 	 	 	 	 	 	 	 	s97	 	 	s93	s94	s98	 	s23	s104	s105	s106	s107	s32	 	 	 	 	 	 	 	 	 	 	 	 	 	 	 	 	 	 	 	 	 	 	135	 	92	 	96	 	99	100	101	102	103	 	 	 	 	 	 	 	 
99	 	 	 	 	 	 	 	 	r63	 	 	 	 	r63	 	 	 	r63	r63	 	 	 	 	 	 	 	r63	r63	r63	r63	r63	r63	r63	r63	r63	r63	r63	r63	 	 	 	 	 	 	 	 	 	 	 	 	 	 	 	 	 	 	 	 	 	 	 	 	 	 	 	 	 	 	 	 	 	 	 	 	 	 	 	 	 	 	 	 	 	 	 	 	 	 	 
100	 	 	 	 	 	 	 	 	r64	 	 	 	 	r64	 	 	 	r64	r64	 	 	 	 	 	 	 	r64	r64	r64	r64	r64	r64	r64	r64	r64	r64	r64	r64	 	 	 	 	 	 	 	 	 	 	 	 	 	 	 	 	 	 	 	 	 	 	 	 	 	 	 	 	 	 	 	 	 	 	 	 	 	 	 	 	 	 	 	 	 	 	 	 	 	 	 
101	 	 	 	 	 	 	 	 	r65	 	 	 	 	r65	 	 	 	r65	r65	 	 	 	 	 	 	 	r65	r65	r65	r65	r65	r65	r65	r65	r65	r65	r65	r65	 	 	 	 	 	 	 	 	 	 	 	 	 	 	 	 	 	 	 	 	 	 	 	 	 	 	 	 	 	 	 	 	 	 	 	 	 	 	 	 	 	 	 	 	 	 	 	 	 	 	 
102	 	 	 	 	 	 	 	 	r66	 	 	 	 	r66	 	 	 	r66	r66	 	 	 	 	 	 	 	r66	r66	r66	r66	r66	r66	r66	r66	r66	r66	r66	r66	 	 	 	 	 	 	 	 	 	 	 	 	 	 	 	 	 	 	 	 	 	 	 	 	 	 	 	 	 	 	 	 	 	 	 	 	 	 	 	 	 	 	 	 	 	 	 	 	 	 	 
103	 	 	 	 	 	 	 	 	r67	 	 	 	 	r67	 	 	 	r67	r67	 	 	 	 	 	 	 	r67	r67	r67	r67	r67	r67	r67	r67	r67	r67	r67	r67	 	 	 	 	 	 	 	 	 	 	 	 	 	 	 	 	 	 	 	 	 	 	 	 	 	 	 	 	 	 	 	 	 	 	 	 	 	 	 	 	 	 	 	 	 	 	 	 	 	 	 
104	 	 	 	 	 	 	 	 	r76	 	 	 	 	r76	 	 	 	r76	r76	 	 	 	 	 	 	 	r76	r76	r76	r76	r76	r76	r76	r76	r76	r76	r76	r76	 	 	 	 	 	 	 	 	 	 	 	 	 	 	 	 	 	 	 	 	 	 	 	 	 	 	 	 	 	 	 	 	 	 	 	 	 	 	 	 	 	 	 	 	 	 	 	 	 	 	 
105	 	 	 	 	 	 	 	 	r77	 	 	 	 	r77	 	 	 	r77	r77	 	 	 	 	 	 	 	r77	r77	r77	r77	r77	r77	r77	r77	r77	r77	r77	r77	 	 	 	 	 	 	 	 	 	 	 	 	 	 	 	 	 	 	 	 	 	 	 	 	 	 	 	 	 	 	 	 	 	 	 	 	 	 	 	 	 	 	 	 	 	 	 	 	 	 	 
106	 	 	 	 	 	 	 	 	r78	 	 	 	 	r78	 	 	 	r78	r78	 	 	 	 	 	 	 	r78	r78	r78	r78	r78	r78	r78	r78	r78	r78	r78	r78	 	 	 	 	 	 	 	 	 	 	 	 	 	 	 	 	 	 	 	 	 	 	 	 	 	 	 	 	 	 	 	 	 	 	 	 	 	 	 	 	 	 	 	 	 	 	 	 	 	 	 
107	 	 	 	 	 	 	 	 	r79	 	 	 	 	r79	 	 	 	r79	r79	 	 	 	 	 	 	 	r79	r79	r79	r79	r79	r79	r79	r79	r79	r79	r79	r79	 	 	 	 	 	 	 	 	 	 	 	 	 	 	 	 	 	 	 	 	 	 	 	 	 	 	 	 	 	 	 	 	 	 	 	 	 	 	 	 	 	 	 	 	 	 	 	 	 	 	 
108	 	 	 	 	 	 	 	 	 	 	 	 	 	 	 	 	s95	 	 	 	 	 	 	 	 	 	 	 	 	 	 	 	 	 	 	s97	 	 	s93	s94	s98	 	s23	s104	s105	s106	s107	s32	 	 	 	 	 	 	 	 	 	 	 	 	 	 	 	 	 	 	136	88	89	90	91	 	92	 	96	 	99	100	101	102	103	 	 	 	 	 	 	 	 
109	 	 	 	 	 	 	 	 	 	 	 	 	 	 	 	 	 	 	 	 	 	 	s137	 	 	 	 	 	 	 	 	 	 	 	 	 	 	 	 	 	 	 	 	 	 	 	 	 	 	 	 	 	 	 	 	 	 	 	 	 	 	 	 	 	 	 	 	 	 	 	 	 	 	 	 	 	 	 	 	 	 	 	 	 	 	 	 	 	 
110	 	 	 	 	 	 	 	 	 	 	 	 	 	 	 	 	s138	 	 	 	 	 	 	 	 	 	 	 	 	 	 	 	 	 	 	 	 	 	 	 	 	 	 	 	 	 	 	 	 	 	 	 	 	 	 	 	 	 	 	 	 	 	 	 	 	 	 	 	 	 	 	 	 	 	 	 	 	 	 	 	 	 	 	 	 	 	 	 	 
111	 	 	 	 	 	 	 	 	 	 	 	 	 	s139	 	 	 	 	 	 	 	 	 	 	 	 	s116	s117	 	 	 	 	 	 	 	 	 	 	 	 	 	 	 	 	 	 	 	 	 	 	 	 	 	 	 	 	 	 	 	 	 	 	 	 	 	 	 	 	 	 	 	 	 	 	 	 	 	 	 	 	 	 	 	 	 	 	 	 	 
112	 	 	 	 	 	r70	 	r70	r70	 	 	 	 	r70	 	 	 	r70	r70	 	 	 	 	 	 	 	r70	r70	r70	r70	r70	r70	r70	r70	r70	r70	r70	r70	r70	r70	 	r70	 	 	 	 	 	 	 	 	 	 	 	 	 	 	 	 	 	 	 	 	 	 	 	 	 	 	 	 	 	 	 	 	 	 	 	 	 	 	 	 	 	 	 	 	 	 	 
113	 	 	 	 	 	 	 	 	s140	 	 	 	 	 	 	 	 	 	 	 	 	 	 	 	 	 	s116	s117	 	 	 	 	 	 	 	 	 	 	 	 	 	 	 	 	 	 	 	 	 	 	 	 	 	 	 	 	 	 	 	 	 	 	 	 	 	 	 	 	 	 	 	 	 	 	 	 	 	 	 	 	 	 	 	 	 	 	 	 	 
114	 	 	 	 	 	 	 	 	 	 	 	 	 	s141	 	 	 	 	 	 	 	 	 	 	 	 	 	 	 	 	 	 	 	 	 	 	 	 	 	 	 	 	 	 	 	 	 	 	 	 	 	 	 	 	 	 	 	 	 	 	 	 	 	 	 	 	 	 	 	 	 	 	 	 	 	 	 	 	 	 	 	 	 	 	 	 	 	 	 
115	 	 	 	 	 	 	 	 	 	 	 	r85	r85	 	 	 	 	 	 	 	r85	r85	r85	r85	r85	r85	 	 	 	 	 	 	 	 	 	 	 	 	 	 	 	 	r85	 	 	 	 	 	 	 	 	 	 	 	 	 	 	 	 	 	 	 	 	 	 	 	 	 	 	 	 	 	 	 	 	 	 	 	 	 	 	 	 	 	 	142	 	 	 
116	 	 	 	 	 	 	 	 	 	 	 	 	 	 	 	 	s95	 	 	 	 	 	 	 	 	 	 	 	 	 	 	 	 	 	 	s97	 	 	s93	s94	s98	 	s23	s104	s105	s106	s107	s32	 	 	 	 	 	 	 	 	 	 	 	 	 	 	 	 	 	 	 	143	89	90	91	 	92	 	96	 	99	100	101	102	103	 	 	 	 	 	 	 	 
117	 	 	 	 	 	 	 	 	 	 	 	 	 	 	 	 	s95	 	 	 	 	 	 	 	 	 	 	 	 	 	 	 	 	 	 	s97	 	 	s93	s94	s98	 	s23	s104	s105	s106	s107	s32	 	 	 	 	 	 	 	 	 	 	 	 	 	 	 	 	 	 	 	144	89	90	91	 	92	 	96	 	99	100	101	102	103	 	 	 	 	 	 	 	 
118	 	 	 	 	 	 	 	 	 	 	 	 	 	 	 	 	s95	 	 	 	 	 	 	 	 	 	 	 	 	 	 	 	 	 	 	s97	 	 	s93	s94	s98	 	s23	s104	s105	s106	s107	s32	 	 	 	 	 	 	 	 	 	 	 	 	 	 	 	 	 	 	 	 	145	90	91	 	92	 	96	 	99	100	101	102	103	 	 	 	 	 	 	 	 
119	 	 	 	 	 	 	 	 	 	 	 	 	 	 	 	 	s95	 	 	 	 	 	 	 	 	 	 	 	 	 	 	 	 	 	 	s97	 	 	s93	s94	s98	 	s23	s104	s105	s106	s107	s32	 	 	 	 	 	 	 	 	 	 	 	 	 	 	 	 	 	 	 	 	146	90	91	 	92	 	96	 	99	100	101	102	103	 	 	 	 	 	 	 	 
120	 	 	 	 	 	 	 	 	 	 	 	 	 	 	 	 	s95	 	 	 	 	 	 	 	 	 	 	 	 	 	 	 	 	 	 	s97	 	 	s93	s94	s98	 	s23	s104	s105	s106	s107	s32	 	 	 	 	 	 	 	 	 	 	 	 	 	 	 	 	 	 	 	 	147	90	91	 	92	 	96	 	99	100	101	102	103	 	 	 	 	 	 	 	 
121	 	 	 	 	 	 	 	 	 	 	 	 	 	 	 	 	s95	 	 	 	 	 	 	 	 	 	 	 	 	 	 	 	 	 	 	s97	 	 	s93	s94	s98	 	s23	s104	s105	s106	s107	s32	 	 	 	 	 	 	 	 	 	 	 	 	 	 	 	 	 	 	 	 	148	90	91	 	92	 	96	 	99	100	101	102	103	 	 	 	 	 	 	 	 
122	 	 	 	 	 	 	 	 	 	 	 	 	 	 	 	 	s95	 	 	 	 	 	 	 	 	 	 	 	 	 	 	 	 	 	 	s97	 	 	s93	s94	s98	 	s23	s104	s105	s106	s107	s32	 	 	 	 	 	 	 	 	 	 	 	 	 	 	 	 	 	 	 	 	149	90	91	 	92	 	96	 	99	100	101	102	103	 	 	 	 	 	 	 	 
123	 	 	 	 	 	 	 	 	 	 	 	 	 	 	 	 	s95	 	 	 	 	 	 	 	 	 	 	 	 	 	 	 	 	 	 	s97	 	 	s93	s94	s98	 	s23	s104	s105	s106	s107	s32	 	 	 	 	 	 	 	 	 	 	 	 	 	 	 	 	 	 	 	 	150	90	91	 	92	 	96	 	99	100	101	102	103	 	 	 	 	 	 	 	 
124	 	 	 	 	 	 	 	 	 	 	 	 	 	 	 	 	s95	 	 	 	 	 	 	 	 	 	 	 	 	 	 	 	 	 	 	s97	 	 	s93	s94	s98	 	s23	s104	s105	s106	s107	s32	 	 	 	 	 	 	 	 	 	 	 	 	 	 	 	 	 	 	 	 	 	151	91	 	92	 	96	 	99	100	101	102	103	 	 	 	 	 	 	 	 
125	 	 	 	 	 	 	 	 	 	 	 	 	 	 	 	 	s95	 	 	 	 	 	 	 	 	 	 	 	 	 	 	 	 	 	 	s97	 	 	s93	s94	s98	 	s23	s104	s105	s106	s107	s32	 	 	 	 	 	 	 	 	 	 	 	 	 	 	 	 	 	 	 	 	 	152	91	 	92	 	96	 	99	100	101	102	103	 	 	 	 	 	 	 	 
126	 	 	 	 	 	 	 	 	 	 	 	 	 	 	 	 	s95	 	 	 	 	 	 	 	 	 	 	 	 	 	 	 	 	 	 	s97	 	 	s93	s94	s98	 	s23	s104	s105	s106	s107	s32	 	 	 	 	 	 	 	 	 	 	 	 	 	 	 	 	 	 	 	 	 	 	153	 	92	 	96	 	99	100	101	102	103	 	 	 	 	 	 	 	 
127	 	 	 	 	 	 	 	 	 	 	 	 	 	 	 	 	s95	 	 	 	 	 	 	 	 	 	 	 	 	 	 	 	 	 	 	s97	 	 	s93	s94	s98	 	s23	s104	s105	s106	s107	s32	 	 	 	 	 	 	 	 	 	 	 	 	 	 	 	 	 	 	 	 	 	 	154	 	92	 	96	 	99	100	101	102	103	 	 	 	 	 	 	 	 
128	 	 	 	 	 	 	 	 	r57	 	 	 	 	r57	 	 	 	r57	r57	 	 	 	 	 	 	 	r57	r57	r57	r57	r57	r57	r57	r57	r57	r57	r57	r57	 	 	 	 	 	 	 	 	 	 	 	 	 	 	 	 	 	 	 	 	 	 	 	 	 	 	 	 	 	 	 	 	 	 	 	 	 	 	 	 	 	 	 	 	 	 	 	 	 	 	 
129	 	 	 	 	 	 	 	 	r58	 	 	 	 	r58	 	 	 	r58	r58	 	 	 	 	 	 	 	r58	r58	r58	r58	r58	r58	r58	r58	r58	r58	r58	r58	 	 	 	 	 	 	 	 	 	 	 	 	 	 	 	 	 	 	 	 	 	 	 	 	 	 	 	 	 	 	 	 	 	 	 	 	 	 	 	 	 	 	 	 	 	 	 	 	 	 	 
130	 	 	 	 	 	 	 	s83	r55	 	 	 	 	r55	 	 	 	r55	r55	 	 	 	 	 	 	 	r55	r55	r55	r55	r55	r55	r55	r55	r55	r55	r55	r55	 	 	 	s82	 	 	 	 	 	 	 	 	 	 	 	 	 	 	 	 	 	 	 	 	 	 	 	 	 	 	 	 	 	 	 	 	 	 	 	 	 	 	 	 	 	 	 	 	 	 	 
131	 	 	 	 	 	 	 	s83	r56	 	 	 	 	r56	 	 	 	r56	r56	 	 	 	 	 	 	 	r56	r56	r56	r56	r56	r56	r56	r56	r56	r56	r56	r56	 	 	 	s82	 	 	 	 	 	 	 	 	 	 	 	 	 	 	 	 	 	 	 	 	 	 	 	 	 	 	 	 	 	 	 	 	 	 	 	 	 	 	 	 	 	 	 	 	 	 	 
132	 	 	 	 	 	 	 	 	 	 	 	 	 	 	 	 	 	s155	 	 	 	 	 	 	 	 	s116	s117	 	 	 	 	 	 	 	 	 	 	 	 	 	 	 	 	 	 	 	 	 	 	 	 	 	 	 	 	 	 	 	 	 	 	 	 	 	 	 	 	 	 	 	 	 	 	 	 	 	 	 	 	 	 	 	 	 	 	 	 	 
133	 	 	 	 	 	 	 	 	 	 	 	 	 	 	 	 	s156	 	 	 	 	 	 	 	 	 	 	 	 	 	 	 	 	 	 	 	 	 	 	 	 	 	 	 	 	 	 	 	 	 	 	 	 	 	 	 	 	 	 	 	 	 	 	 	 	 	 	 	 	 	 	 	 	 	 	 	 	 	 	 	 	 	 	 	 	 	 	 	 
134	 	 	 	 	 	 	 	 	r61	 	 	 	 	r61	 	 	 	r61	r61	 	 	 	 	 	 	 	r61	r61	r61	r61	r61	r61	r61	r61	r61	r61	r61	r61	 	 	 	 	 	 	 	 	 	 	 	 	 	 	 	 	 	 	 	 	 	 	 	 	 	 	 	 	 	 	 	 	 	 	 	 	 	 	 	 	 	 	 	 	 	 	 	 	 	 	 
135	 	 	 	 	 	 	 	 	r62	 	 	 	 	r62	 	 	 	r62	r62	 	 	 	 	 	 	 	r62	r62	r62	r62	r62	r62	r62	r62	r62	r62	r62	r62	 	 	 	 	 	 	 	 	 	 	 	 	 	 	 	 	 	 	 	 	 	 	 	 	 	 	 	 	 	 	 	 	 	 	 	 	 	 	 	 	 	 	 	 	 	 	 	 	 	 	 
136	 	 	 	 	 	 	 	 	 	 	 	 	 	 	 	 	 	s157	 	 	 	 	 	 	 	 	s116	s117	 	 	 	 	 	 	 	 	 	 	 	 	 	 	 	 	 	 	 	 	 	 	 	 	 	 	 	 	 	 	 	 	 	 	 	 	 	 	 	 	 	 	 	 	 	 	 	 	 	 	 	 	 	 	 	 	 	 	 	 	 
137	 	 	 	 	 	 	 	 	 	 	 	 	 	 	 	 	s158	 	 	 	 	 	 	 	 	 	 	 	 	 	 	 	 	 	 	 	 	 	 	 	 	 	 	 	 	 	 	 	 	 	 	 	 	 	 	 	 	 	 	 	 	 	 	 	 	 	 	 	 	 	 	 	 	 	 	 	 	 	 	 	 	 	 	 	 	 	 	 	 
138	 	 	 	 	 	 	 	 	 	 	 	 	 	 	 	 	s95	 	 	 	 	 	 	 	 	 	 	 	 	 	 	 	 	 	 	s97	 	 	s93	s94	s98	 	s23	s104	s105	s106	s107	s32	 	 	 	 	 	 	 	 	 	 	 	 	 	 	 	 	 	 	159	88	89	90	91	 	92	 	96	 	99	100	101	102	103	 	 	 	 	 	 	 	 
139	 	 	 	 	 	 	 	 	 	 	 	r35	r35	 	 	 	 	 	 	 	r35	r35	r35	r35	r35	r35	 	 	 	 	 	 	 	 	 	 	 	 	 	 	 	 	r35	 	 	 	 	 	 	 	 	 	 	 	 	 	 	 	 	 	 	 	 	 	 	 	 	 	 	 	 	 	 	 	 	 	 	 	 	 	 	 	 	 	 	 	 	 	 
140	 	 	 	 	 	r71	 	r71	r71	 	 	 	 	r71	 	 	 	r71	r71	 	 	 	 	 	 	 	r71	r71	r71	r71	r71	r71	r71	r71	r71	r71	r71	r71	r71	r71	 	r71	 	 	 	 	 	 	 	 	 	 	 	 	 	 	 	 	 	 	 	 	 	 	 	 	 	 	 	 	 	 	 	 	 	 	 	 	 	 	 	 	 	 	 	 	 	 	 
141	 	 	 	 	r24	 	 	 	 	 	 	r24	r24	 	 	r24	 	 	 	r24	r24	r24	r24	r24	r24	r24	 	 	 	 	 	 	 	 	 	 	 	 	 	 	 	 	r24	 	 	 	 	 	r24	 	 	 	 	 	 	 	 	 	 	 	 	 	 	 	 	 	 	 	 	 	 	 	 	 	 	 	 	 	 	 	 	 	 	 	 	 	 	 	 
142	 	 	 	 	 	 	 	 	 	 	 	r81	 	 	 	 	 	 	 	 	s66	 	s67	s68	s71	s72	 	 	 	 	 	 	 	 	 	 	 	 	 	 	 	 	s23	 	 	 	 	 	 	 	 	 	 	 	 	 	 	 	 	 	 	 	 	161	65	160	 	 	 	 	 	 	70	 	73	 	 	 	 	 	 	69	 	 	 	 	 	 	 
143	 	 	 	 	 	 	 	 	r38	 	 	 	 	r38	 	 	 	r38	r38	 	 	 	 	 	 	 	r38	r38	s118	s119	s120	s121	s122	s123	 	 	 	 	 	 	 	 	 	 	 	 	 	 	 	 	 	 	 	 	 	 	 	 	 	 	 	 	 	 	 	 	 	 	 	 	 	 	 	 	 	 	 	 	 	 	 	 	 	 	 	 	 	 	 
144	 	 	 	 	 	 	 	 	r39	 	 	 	 	r39	 	 	 	r39	r39	 	 	 	 	 	 	 	r39	r39	s118	s119	s120	s121	s122	s123	 	 	 	 	 	 	 	 	 	 	 	 	 	 	 	 	 	 	 	 	 	 	 	 	 	 	 	 	 	 	 	 	 	 	 	 	 	 	 	 	 	 	 	 	 	 	 	 	 	 	 	 	 	 	 
145	 	 	 	 	 	 	 	 	r41	 	 	 	 	r41	 	 	 	r41	r41	 	 	 	 	 	 	 	r41	r41	r41	r41	r41	r41	r41	r41	s124	s125	 	 	 	 	 	 	 	 	 	 	 	 	 	 	 	 	 	 	 	 	 	 	 	 	 	 	 	 	 	 	 	 	 	 	 	 	 	 	 	 	 	 	 	 	 	 	 	 	 	 	 	 	 
146	 	 	 	 	 	 	 	 	r42	 	 	 	 	r42	 	 	 	r42	r42	 	 	 	 	 	 	 	r42	r42	r42	r42	r42	r42	r42	r42	s124	s125	 	 	 	 	 	 	 	 	 	 	 	 	 	 	 	 	 	 	 	 	 	 	 	 	 	 	 	 	 	 	 	 	 	 	 	 	 	 	 	 	 	 	 	 	 	 	 	 	 	 	 	 	 
147	 	 	 	 	 	 	 	 	r43	 	 	 	 	r43	 	 	 	r43	r43	 	 	 	 	 	 	 	r43	r43	r43	r43	r43	r43	r43	r43	s124	s125	 	 	 	 	 	 	 	 	 	 	 	 	 	 	 	 	 	 	 	 	 	 	 	 	 	 	 	 	 	 	 	 	 	 	 	 	 	 	 	 	 	 	 	 	 	 	 	 	 	 	 	 	 
148	 	 	 	 	 	 	 	 	r44	 	 	 	 	r44	 	 	 	r44	r44	 	 	 	 	 	 	 	r44	r44	r44	r44	r44	r44	r44	r44	s124	s125	 	 	 	 	 	 	 	 	 	 	 	 	 	 	 	 	 	 	 	 	 	 	 	 	 	 	 	 	 	 	 	 	 	 	 	 	 	 	 	 	 	 	 	 	 	 	 	 	 	 	 	 	 
149	 	 	 	 	 	 	 	 	r45	 	 	 	 	r45	 	 	 	r45	r45	 	 	 	 	 	 	 	r45	r45	r45	r45	r45	r45	r45	r45	s124	s125	 	 	 	 	 	 	 	 	 	 	 	 	 	 	 	 	 	 	 	 	 	 	 	 	 	 	 	 	 	 	 	 	 	 	 	 	 	 	 	 	 	 	 	 	 	 	 	 	 	 	 	 	 
150	 	 	 	 	 	 	 	 	r46	 	 	 	 	r46	 	 	 	r46	r46	 	 	 	 	 	 	 	r46	r46	r46	r46	r46	r46	r46	r46	s124	s125	 	 	 	 	 	 	 	 	 	 	 	 	 	 	 	 	 	 	 	 	 	 	 	 	 	 	 	 	 	 	 	 	 	 	 	 	 	 	 	 	 	 	 	 	 	 	 	 	 	 	 	 	 
151	 	 	 	 	 	 	 	 	r48	 	 	 	 	r48	 	 	 	r48	r48	 	 	 	 	 	 	 	r48	r48	r48	r48	r48	r48	r48	r48	r48	r48	s126	s127	 	 	 	 	 	 	 	 	 	 	 	 	 	 	 	 	 	 	 	 	 	 	 	 	 	 	 	 	 	 	 	 	 	 	 	 	 	 	 	 	 	 	 	 	 	 	 	 	 	 	 
152	 	 	 	 	 	 	 	 	r49	 	 	 	 	r49	 	 	 	r49	r49	 	 	 	 	 	 	 	r49	r49	r49	r49	r49	r49	r49	r49	r49	r49	s126	s127	 	 	 	 	 	 	 	 	 	 	 	 	 	 	 	 	 	 	 	 	 	 	 	 	 	 	 	 	 	 	 	 	 	 	 	 	 	 	 	 	 	 	 	 	 	 	 	 	 	 	 
153	 	 	 	 	 	 	 	 	r51	 	 	 	 	r51	 	 	 	r51	r51	 	 	 	 	 	 	 	r51	r51	r51	r51	r51	r51	r51	r51	r51	r51	r51	r51	 	 	 	 	 	 	 	 	 	 	 	 	 	 	 	 	 	 	 	 	 	 	 	 	 	 	 	 	 	 	 	 	 	 	 	 	 	 	 	 	 	 	 	 	 	 	 	 	 	 	 
154	 	 	 	 	 	 	 	 	r52	 	 	 	 	r52	 	 	 	r52	r52	 	 	 	 	 	 	 	r52	r52	r52	r52	r52	r52	r52	r52	r52	r52	r52	r52	 	 	 	 	 	 	 	 	 	 	 	 	 	 	 	 	 	 	 	 	 	 	 	 	 	 	 	 	 	 	 	 	 	 	 	 	 	 	 	 	 	 	 	 	 	 	 	 	 	 	 
155	 	 	 	 	 	 	 	 	r59	 	 	 	 	r59	 	 	 	r59	r59	 	 	 	 	 	 	 	r59	r59	r59	r59	r59	r59	r59	r59	r59	r59	r59	r59	 	 	 	 	 	 	 	 	 	 	 	 	 	 	 	 	 	 	 	 	 	 	 	 	 	 	 	 	 	 	 	 	 	 	 	 	 	 	 	 	 	 	 	 	 	 	 	 	 	 	 
156	 	 	 	 	 	 	 	 	 	 	 	 	 	 	 	 	s95	 	 	 	 	 	 	 	 	 	 	 	 	 	 	 	 	 	 	s97	 	 	s93	s94	s98	 	s23	s104	s105	s106	s107	s32	 	 	 	 	 	 	 	 	 	 	 	 	 	 	 	 	 	 	163	88	89	90	91	162	92	 	96	 	99	100	101	102	103	 	 	 	 	 	 	 	 
157	 	 	 	 	 	 	 	 	 	 	 	r85	r85	 	 	 	 	 	 	 	r85	r85	r85	r85	r85	r85	 	 	 	 	 	 	 	 	 	 	 	 	 	 	 	 	r85	 	 	 	 	 	 	 	 	 	 	 	 	 	 	 	 	 	 	 	 	 	 	 	 	 	 	 	 	 	 	 	 	 	 	 	 	 	 	 	 	 	 	164	 	 	 
158	 	 	 	 	 	 	 	 	 	 	 	 	 	 	 	 	s95	 	 	 	 	 	 	 	 	 	 	 	 	 	 	 	 	 	 	s97	 	 	s93	s94	s98	 	s23	s104	s105	s106	s107	s32	 	 	 	 	 	 	 	 	 	 	 	 	 	 	 	 	 	 	165	88	89	90	91	 	92	 	96	 	99	100	101	102	103	 	 	 	 	 	 	 	 
159	 	 	 	 	 	 	 	 	 	 	 	 	 	 	 	 	 	s166	 	 	 	 	 	 	 	 	s116	s117	 	 	 	 	 	 	 	 	 	 	 	 	 	 	 	 	 	 	 	 	 	 	 	 	 	 	 	 	 	 	 	 	 	 	 	 	 	 	 	 	 	 	 	 	 	 	 	 	 	 	 	 	 	 	 	 	 	 	 	 	 
160	 	 	 	 	 	 	 	 	 	 	 	r27	r27	 	 	 	 	 	 	 	r27	s167	r27	r27	r27	r27	 	 	 	 	 	 	 	 	 	 	 	 	 	 	 	 	r27	 	 	 	 	 	 	 	 	 	 	 	 	 	 	 	 	 	 	 	 	 	 	 	 	 	 	 	 	 	 	 	 	 	 	 	 	 	 	 	 	 	 	 	 	 	 
161	 	 	 	 	 	 	 	 	 	 	 	r29	r29	 	 	 	 	 	 	 	r29	 	r29	r29	r29	r29	 	 	 	 	 	 	 	 	 	 	 	 	 	 	 	 	r29	 	 	 	 	 	 	 	 	 	 	 	 	 	 	 	 	 	 	 	 	 	 	 	 	 	 	 	 	 	 	 	 	 	 	 	 	 	 	 	 	 	 	 	 	 	 
162	 	 	 	 	 	 	 	 	 	 	 	 	 	 	 	 	 	s168	s169	 	 	 	 	 	 	 	 	 	 	 	 	 	 	 	 	 	 	 	 	 	 	 	 	 	 	 	 	 	 	 	 	 	 	 	 	 	 	 	 	 	 	 	 	 	 	 	 	 	 	 	 	 	 	 	 	 	 	 	 	 	 	 	 	 	 	 	 	 	 
163	 	 	 	 	 	 	 	 	 	 	 	 	 	 	 	 	 	r69	r69	 	 	 	 	 	 	 	s116	s117	 	 	 	 	 	 	 	 	 	 	 	 	 	 	 	 	 	 	 	 	 	 	 	 	 	 	 	 	 	 	 	 	 	 	 	 	 	 	 	 	 	 	 	 	 	 	 	 	 	 	 	 	 	 	 	 	 	 	 	 	 
164	 	 	 	 	 	 	 	 	 	 	 	r81	 	 	 	 	 	 	 	 	s110	 	s67	s68	s71	s72	 	 	 	 	 	 	 	 	 	 	 	 	 	 	 	 	s23	 	 	 	 	 	 	 	 	 	 	 	 	 	 	 	 	 	 	 	 	 	 	170	 	 	 	 	 	 	70	 	73	 	 	 	 	 	 	69	 	 	 	 	 	 	 
165	 	 	 	 	 	 	 	 	 	 	 	 	 	 	 	 	 	s171	 	 	 	 	 	 	 	 	s116	s117	 	 	 	 	 	 	 	 	 	 	 	 	 	 	 	 	 	 	 	 	 	 	 	 	 	 	 	 	 	 	 	 	 	 	 	 	 	 	 	 	 	 	 	 	 	 	 	 	 	 	 	 	 	 	 	 	 	 	 	 	 
166	 	 	 	 	 	 	 	 	 	 	 	r85	r85	 	 	 	 	 	 	 	r85	r85	r85	r85	r85	r85	 	 	 	 	 	 	 	 	 	 	 	 	 	 	 	 	r85	 	 	 	 	 	 	 	 	 	 	 	 	 	 	 	 	 	 	 	 	 	 	 	 	 	 	 	 	 	 	 	 	 	 	 	 	 	 	 	 	 	 	172	 	 	 
167	 	 	 	 	 	 	 	 	 	 	 	r86	r86	 	 	 	 	 	 	 	r86	r86	r86	r86	r86	r86	 	 	 	 	 	 	 	 	 	 	 	 	 	 	 	 	r86	 	 	 	 	 	 	 	 	 	 	 	 	 	 	 	 	 	 	 	 	 	 	 	 	 	 	 	 	 	 	 	 	 	 	 	 	 	 	 	 	 	 	 	173	 	 
168	 	 	 	 	 	 	 	 	r60	 	 	 	 	r60	 	 	 	r60	r60	 	 	 	 	 	 	 	r60	r60	r60	r60	r60	r60	r60	r60	r60	r60	r60	r60	 	 	 	 	 	 	 	 	 	 	 	 	 	 	 	 	 	 	 	 	 	 	 	 	 	 	 	 	 	 	 	 	 	 	 	 	 	 	 	 	 	 	 	 	 	 	 	 	 	 	 
169	 	 	 	 	 	 	 	 	 	 	 	 	 	 	 	 	s95	 	 	 	 	 	 	 	 	 	 	 	 	 	 	 	 	 	 	s97	 	 	s93	s94	s98	 	s23	s104	s105	s106	s107	s32	 	 	 	 	 	 	 	 	 	 	 	 	 	 	 	 	 	 	174	88	89	90	91	 	92	 	96	 	99	100	101	102	103	 	 	 	 	 	 	 	 
170	 	 	 	 	 	 	 	 	 	 	 	r32	r32	 	 	 	 	 	 	 	r32	r32	r32	r32	r32	r32	 	 	 	 	 	 	 	 	 	 	 	 	 	 	 	 	r32	 	 	 	 	 	 	 	 	 	 	 	 	 	 	 	 	 	 	 	 	 	 	 	 	 	 	 	 	 	 	 	 	 	 	 	 	 	 	 	 	 	 	 	 	 	 
171	 	 	 	 	 	 	 	 	 	 	 	 	 	s175	 	 	 	 	 	 	 	 	 	 	 	 	 	 	 	 	 	 	 	 	 	 	 	 	 	 	 	 	 	 	 	 	 	 	 	 	 	 	 	 	 	 	 	 	 	 	 	 	 	 	 	 	 	 	 	 	 	 	 	 	 	 	 	 	 	 	 	 	 	 	 	 	 	 	 
172	 	 	 	 	 	 	 	 	 	 	 	r81	 	 	 	 	 	 	 	 	s110	 	s67	s68	s71	s72	 	 	 	 	 	 	 	 	 	 	 	 	 	 	 	 	s23	 	 	 	 	 	 	 	 	 	 	 	 	 	 	 	 	 	 	 	 	 	 	176	 	 	 	 	 	 	70	 	73	 	 	 	 	 	 	69	 	 	 	 	 	 	 
173	 	 	 	 	 	 	 	 	 	 	 	r81	 	 	 	 	 	 	 	 	s66	 	s67	s68	s71	s72	 	 	 	 	 	 	 	 	 	 	 	 	 	 	 	 	s23	 	 	 	 	 	 	 	 	 	 	 	 	 	 	 	 	 	 	 	 	 	178	177	 	 	 	 	 	 	70	 	73	 	 	 	 	 	 	69	 	 	 	 	 	 	 
174	 	 	 	 	 	 	 	 	 	 	 	 	 	 	 	 	 	r68	r68	 	 	 	 	 	 	 	s116	s117	 	 	 	 	 	 	 	 	 	 	 	 	 	 	 	 	 	 	 	 	 	 	 	 	 	 	 	 	 	 	 	 	 	 	 	 	 	 	 	 	 	 	 	 	 	 	 	 	 	 	 	 	 	 	 	 	 	 	 	 	 
175	 	 	 	 	 	 	 	 	 	 	 	r33	r33	 	 	 	 	 	 	 	r33	r33	r33	r33	r33	r33	 	 	 	 	 	 	 	 	 	 	 	 	 	 	 	 	r33	 	 	 	 	 	 	 	 	 	 	 	 	 	 	 	 	 	 	 	 	 	 	 	 	 	 	 	 	 	 	 	 	 	 	 	 	 	 	 	 	 	 	 	 	 	 
176	 	 	 	 	 	 	 	 	 	 	 	 	 	 	 	 	 	 	 	 	 	s179	 	 	 	 	 	 	 	 	 	 	 	 	 	 	 	 	 	 	 	 	 	 	 	 	 	 	 	 	 	 	 	 	 	 	 	 	 	 	 	 	 	 	 	 	 	 	 	 	 	 	 	 	 	 	 	 	 	 	 	 	 	 	 	 	 	 	 
177	 	 	 	 	 	 	 	 	 	 	 	r31	r31	 	 	 	 	 	 	 	r31	r31	r31	r31	r31	r31	 	 	 	 	 	 	 	 	 	 	 	 	 	 	 	 	r31	 	 	 	 	 	 	 	 	 	 	 	 	 	 	 	 	 	 	 	 	 	 	 	 	 	 	 	 	 	 	 	 	 	 	 	 	 	 	 	 	 	 	 	 	 	 
178	 	 	 	 	 	 	 	 	 	 	 	r30	r30	 	 	 	 	 	 	 	r30	 	r30	r30	r30	r30	 	 	 	 	 	 	 	 	 	 	 	 	 	 	 	 	r30	 	 	 	 	 	 	 	 	 	 	 	 	 	 	 	 	 	 	 	 	 	 	 	 	 	 	 	 	 	 	 	 	 	 	 	 	 	 	 	 	 	 	 	 	 	 
179	 	 	 	 	 	 	 	 	 	 	 	r86	r86	 	 	 	 	 	 	 	r86	r86	r86	r86	r86	r86	 	 	 	 	 	 	 	 	 	 	 	 	 	 	 	 	r86	 	 	 	 	 	 	 	 	 	 	 	 	 	 	 	 	 	 	 	 	 	 	 	 	 	 	 	 	 	 	 	 	 	 	 	 	 	 	 	 	 	 	 	180	 	 
180	 	 	 	 	 	 	 	 	 	 	 	r81	 	 	 	 	 	 	 	 	s110	 	s67	s68	s71	s72	 	 	 	 	 	 	 	 	 	 	 	 	 	 	 	 	s23	 	 	 	 	 	 	 	 	 	 	 	 	 	 	 	 	 	 	 	 	 	 	177	 	 	 	 	 	 	70	 	73	 	 	 	 	 	 	69	 	 	 	 	 	 	 
